{
  "phase": "12.1",
  "timestamp": "2026-01-12T15:45:01.874382",
  "version": "202601",
  "summary": {
    "unique_states_before": 41,
    "unique_states_after": 37,
    "variants_merged": 4,
    "rows_with_changes": 16,
    "total_rows": 2411
  },
  "variant_mappings": [
    {
      "original_variant": "DADRA & NAGAR HAVELI",
      "canonical_name": "DADRA AND NAGAR HAVELI AND DAMAN AND DIU",
      "rows_affected": 2
    },
    {
      "original_variant": "DAMAN & DIU",
      "canonical_name": "DADRA AND NAGAR HAVELI AND DAMAN AND DIU",
      "rows_affected": 6
    },
    {
      "original_variant": "WEST  BENGAL",
      "canonical_name": "WEST BENGAL",
      "rows_affected": 3
    },
    {
      "original_variant": "WEST BANGAL",
      "canonical_name": "WEST BENGAL",
      "rows_affected": 5
    }
  ],
  "state_counts_after": {
    "UTTAR PRADESH": 244,
    "MADHYA PRADESH": 191,
    "MAHARASHTRA": 146,
    "ODISHA": 142,
    "RAJASTHAN": 119,
    "GUJARAT": 116,
    "KARNATAKA": 113,
    "ASSAM": 104,
    "ANDHRA PRADESH": 103,
    "WEST BENGAL": 102,
    "BIHAR": 102,
    "TELANGANA": 90,
    "CHHATTISGARH": 88,
    "TAMIL NADU": 87,
    "PUNJAB": 73,
    "JHARKHAND": 68,
    "HARYANA": 60,
    "JAMMU AND KASHMIR": 59,
    "DELHI": 58,
    "ARUNACHAL PRADESH": 48
  },
  "state_name_map_used": {
    "WEST BANGAL": "WEST BENGAL",
    "WESTBENGAL": "WEST BENGAL",
    "W.BENGAL": "WEST BENGAL",
    "W BENGAL": "WEST BENGAL",
    "WEST  BENGAL": "WEST BENGAL",
    "WB": "WEST BENGAL",
    "ANDHRA PRAD": "ANDHRA PRADESH",
    "ANDHRAPRADESH": "ANDHRA PRADESH",
    "AP": "ANDHRA PRADESH",
    "MADHYA PRAD": "MADHYA PRADESH",
    "MADHYAPRADESH": "MADHYA PRADESH",
    "MP": "MADHYA PRADESH",
    "UTTAR PRAD": "UTTAR PRADESH",
    "UTTARPRADESH": "UTTAR PRADESH",
    "UP": "UTTAR PRADESH",
    "HIMACHAL PRAD": "HIMACHAL PRADESH",
    "HIMACHALPRADESH": "HIMACHAL PRADESH",
    "HP": "HIMACHAL PRADESH",
    "ARUNACHAL PRAD": "ARUNACHAL PRADESH",
    "ARUNACHALPRADESH": "ARUNACHAL PRADESH",
    "TAMILNADU": "TAMIL NADU",
    "TN": "TAMIL NADU",
    "J&K": "JAMMU AND KASHMIR",
    "J & K": "JAMMU AND KASHMIR",
    "JAMMU & KASHMIR": "JAMMU AND KASHMIR",
    "JAMMU&KASHMIR": "JAMMU AND KASHMIR",
    "JK": "JAMMU AND KASHMIR",
    "DADRA AND NAGAR": "DADRA AND NAGAR HAVELI AND DAMAN AND DIU",
    "D&NH": "DADRA AND NAGAR HAVELI AND DAMAN AND DIU",
    "DADRA & NAGAR HAVELI": "DADRA AND NAGAR HAVELI AND DAMAN AND DIU",
    "DAMAN AND DIU": "DADRA AND NAGAR HAVELI AND DAMAN AND DIU",
    "DAMAN & DIU": "DADRA AND NAGAR HAVELI AND DAMAN AND DIU",
    "A&N ISLANDS": "ANDAMAN AND NICOBAR ISLANDS",
    "ANDAMAN & NICOBAR": "ANDAMAN AND NICOBAR ISLANDS",
    "ANDAMAN": "ANDAMAN AND NICOBAR ISLANDS",
    "A&N": "ANDAMAN AND NICOBAR ISLANDS",
    "NEW DELHI": "DELHI",
    "NCT OF DELHI": "DELHI",
    "NCT DELHI": "DELHI",
    "ORISSA": "ODISHA",
    "UTTARANCHAL": "UTTARAKHAND",
    "TELENGANA": "TELANGANA",
    "CHATTISGARH": "CHHATTISGARH",
    "CHHATISGARH": "CHHATTISGARH",
    "PONDICHERRY": "PUDUCHERRY",
    "LACCADIVE": "LAKSHADWEEP"
  }
}